User Id,First Name,Last Name,Version,Insurance Company
1,Grace,Doog,21,Orange
2,Priscella,Boreland,7,Violet
3,Avery,Souza,18,Pink
4,Torr,Greatreax,13,Red
5,Nissa,Buckby,30,Aquamarine
6,Yolane,Lathaye,2,Crimson
7,Hurleigh,Rudman,44,Khaki
8,Arabella,Meriton,34,Violet
9,Ava,Rutley,50,Maroon
10,Bart,Daton,13,Teal
11,Moise,Arrundale,14,Pink
12,Ellissa,Howbrook,14,Crimson
13,Roda,Pitfield,6,Crimson
14,Hermia,Mackison,25,Fuscia
15,Lynea,Lukas,35,Pink
16,Greta,Bare,46,Khaki
17,Hilliard,St Quenin,17,Crimson
18,Faustine,Patkin,8,Purple
19,Cullie,Daile,32,Red
20,Tabbi,Fomichyov,19,Blue
21,Mata,Frankiewicz,50,Crimson
22,Reena,Satchel,8,Puce
23,Stafani,Penritt,17,Indigo
24,Essie,Fullagar,3,Fuscia
25,Jodie,Gavrielly,16,Green
26,Bord,Goodhay,17,Turquoise
27,Arleen,Schurcke,29,Violet
28,Wynn,Lapthorne,10,Purple
29,Simone,Baldacchi,19,Pink
30,Zacharia,Swoffer,26,Blue
31,Dot,Paolo,5,Puce
32,Barbee,Lindl,41,Teal
33,Lorne,Grassick,12,Pink
34,Jere,McKinn,32,Blue
35,Anjela,Shute,12,Puce
36,Ebony,Bluett,20,Purple
37,Marten,Ashton,15,Indigo
38,Cobbie,Battrick,44,Goldenrod
39,Emmalyn,Ravillas,50,Orange
40,Cedric,Braznell,30,Purple
41,Sigismond,Ubsdell,5,Pink
42,Abagael,Townsend,38,Turquoise
43,Leupold,Reed,37,Mauv
44,Anabel,Thurlborn,50,Yellow
45,Ailis,Kennerknecht,19,Violet
46,Malina,De Mars,5,Blue
47,Marla,Mavin,5,Violet
48,Maitilde,Bracknall,8,Mauv
49,Persis,MacLaughlin,35,Turquoise
50,Gertrudis,Josupeit,27,Khaki
51,Aura,Astill,4,Indigo
52,Yard,Shercliff,21,Crimson
53,Oswell,Northage,22,Violet
54,Daniel,Falshaw,29,Turquoise
55,Nealy,Alelsandrowicz,41,Pink
56,Aleece,Gurge,50,Goldenrod
57,Elisabetta,Adrianello,9,Yellow
58,Elga,Spacey,27,Turquoise
59,Sapphira,Ickowics,10,Red
60,Bale,Halse,24,Orange
61,Ellary,Cowell,12,Fuscia
62,Gayleen,Calderbank,28,Red
63,Corny,Ausello,44,Aquamarine
64,Selie,Ellerington,1,Mauv
65,Sayres,Tesseyman,30,Mauv
66,Vitia,Yglesia,12,Mauv
67,Marilee,Espinho,43,Teal
68,Obed,Le Noir,30,Mauv
69,Ashby,Boat,11,Purple
70,Marika,Hubback,41,Khaki
71,Adrienne,Cupper,4,Aquamarine
72,Phineas,Biset,45,Orange
73,Chantal,Ramsey,37,Maroon
74,Salvador,Iglesia,5,Fuscia
75,Travis,Cawthra,38,Green
76,Dasie,Greatorex,2,Maroon
77,Claudell,Middlebrook,19,Purple
78,Brenn,De La Cote,34,Pink
79,Judy,Hards,35,Puce
80,Marina,Glastonbury,4,Puce
81,Kinna,Skelbeck,43,Blue
82,Gibby,Anmore,15,Violet
83,Kelbee,Whitley,22,Mauv
84,Karin,Penketh,39,Orange
85,Erwin,Hairsnape,46,Purple
86,Bridget,Slixby,33,Maroon
87,Morgan,Ossulton,22,Crimson
88,Felix,Grishechkin,29,Violet
89,Rosella,Wooller,27,Turquoise
90,Johnna,Glasman,33,Fuscia
91,Deeyn,Poupard,30,Crimson
92,Hedvig,Goldring,32,Maroon
93,Zachariah,Syddon,15,Turquoise
94,Caril,Theseira,4,Maroon
95,Lanni,Dyble,6,Teal
96,Eachelle,McGarvie,1,Purple
97,Kaylee,Crumpton,38,Green
98,Cordula,Morson,22,Indigo
99,Derk,Adnam,18,Mauv
100,Brewster,MacGow,15,Green
101,Eugene,Runcie,31,Purple
102,Denna,Yaxley,42,Mauv
103,Judah,Gouinlock,45,Yellow
104,Ely,Magog,48,Purple
105,Payton,Havill,31,Pink
106,Rafael,Briston,14,Goldenrod
107,Corri,Kynston,32,Mauv
108,Delphinia,Pawlik,35,Puce
109,Noel,Horley,47,Fuscia
110,Joly,Elsby,15,Puce
111,Tedi,Westlake,49,Green
112,Constantin,Midner,31,Orange
113,Reina,Northam,14,Turquoise
114,Lorettalorna,Gibbon,42,Orange
115,Saunders,Christiensen,15,Goldenrod
116,Eleanora,Gulleford,24,Crimson
117,Antonella,Pobjay,19,Mauv
118,Ellen,Romera,23,Blue
119,Andra,Seeviour,13,Pink
120,Uri,Pryor,15,Blue
121,Roosevelt,Monkman,19,Goldenrod
122,Kandy,Gantzer,35,Teal
123,Bill,Bardwell,10,Yellow
124,Antonie,Jarlmann,8,Yellow
125,Candida,Schimmang,44,Purple
126,Marne,McBeath,18,Orange
127,Marlo,Press,37,Goldenrod
128,Alyssa,Credland,21,Teal
129,Lucian,Longmate,40,Fuscia
130,Lynnet,Knoller,20,Pink
131,Eadmund,Annell,6,Goldenrod
132,Zara,Fronks,23,Puce
133,Diandra,Gosforth,41,Puce
134,Gayle,Toupe,48,Pink
135,Rozina,Cassimer,3,Violet
136,Viki,Togwell,42,Fuscia
137,Eleni,Mandrey,4,Fuscia
138,Gerrie,Lahiff,17,Teal
139,Alejandrina,Drover,17,Yellow
140,Donnie,Powles,31,Teal
141,Donna,Ely,44,Aquamarine
142,Cirilo,Sollas,29,Indigo
143,Lauri,Mattea,24,Khaki
144,Bartolomeo,Crady,28,Aquamarine
145,Kym,Freckleton,2,Pink
146,Wilone,Wilcinskis,17,Goldenrod
147,Veradis,Costley,21,Turquoise
148,Isabeau,McMillan,38,Purple
149,Rory,Orpyne,10,Violet
150,Sanderson,Follacaro,9,Pink
151,Diandra,Westmore,11,Aquamarine
152,Erminia,Gierth,17,Teal
153,George,Gerardot,46,Mauv
154,Leonore,Marchetti,27,Pink
155,Sinclare,Limpricht,21,Aquamarine
156,Valle,Abbett,38,Turquoise
157,Hedvige,Lawee,33,Teal
158,Sybilla,Gockelen,35,Puce
159,Osbert,Roscow,5,Maroon
160,Derward,Storror,23,Yellow
161,Guinevere,Mawson,38,Goldenrod
162,Nicol,Demschke,20,Khaki
163,Euell,Pluthero,30,Purple
164,Hannis,Shedd,7,Turquoise
165,Kerwin,Bowick,33,Puce
166,Gherardo,Dennidge,28,Blue
167,Ulrika,Hug,35,Blue
168,Charlotta,Greggs,47,Orange
169,Phedra,Selway,38,Maroon
170,Stephi,Father,48,Puce
171,Terri-jo,Rens,21,Yellow
172,Chaddie,Hutcheon,12,Orange
173,Dare,Kabisch,47,Green
174,Paton,Castella,14,Khaki
175,Yorgos,Staples,10,Blue
176,Lyda,Domenichini,7,Red
177,Jorrie,Napolione,1,Purple
178,Rasla,Abramovitch,34,Teal
179,Ladonna,Gauchier,31,Red
180,Wallas,Bartalot,3,Khaki
181,Cynthie,Verick,39,Blue
182,Claretta,Le Galle,29,Mauv
183,Nadya,Outibridge,4,Turquoise
184,Antony,Clingan,11,Fuscia
185,Tiffanie,Oliphand,31,Pink
186,Lee,Breckon,31,Red
187,Mendie,Wase,8,Purple
188,Maxy,Maciunas,11,Purple
189,Jelene,Carlos,21,Teal
190,Gertrud,McElhargy,20,Blue
191,Vaughn,Ivanov,43,Crimson
192,Brad,Ishchenko,32,Purple
193,Winny,Scoines,7,Pink
194,Lona,Hornung,35,Yellow
195,Christiano,Arcase,13,Khaki
196,Ami,Cankett,32,Turquoise
197,Silvano,Youles,15,Aquamarine
198,Brinna,Scollard,28,Violet
199,Imogene,Harmar,49,Turquoise
200,Odo,Wellfare,47,Fuscia
201,Jase,Onge,12,Yellow
202,Cariotta,Sermin,8,Red
203,Enriqueta,Romayn,26,Fuscia
204,Quent,Botger,13,Violet
205,Pris,Oby,12,Fuscia
206,Harmony,Quinn,49,Turquoise
207,Domenico,Hunn,10,Orange
208,Eleni,Myhill,42,Fuscia
209,Petronia,Cordsen,49,Purple
210,Guido,Abbs,4,Green
211,Kirstyn,Tharme,35,Goldenrod
212,Tuesday,Claxton,23,Goldenrod
213,Perkin,Riccard,16,Pink
214,Xylina,Amaya,29,Maroon
215,Cherida,Anstie,38,Maroon
216,Cammy,Brehault,6,Crimson
217,Davis,Repper,16,Goldenrod
218,Ernie,Carlet,46,Fuscia
219,Carolyn,Cheak,21,Indigo
220,Mohandas,Lapham,29,Goldenrod
221,Tammie,Jakuszewski,24,Yellow
222,Valida,O'Gorman,6,Red
223,Lianna,Champion,15,Green
224,Corny,Chatan,47,Indigo
225,Misti,Gradwell,28,Khaki
226,Barbaraanne,Giovannelli,3,Maroon
227,Erna,Spilsbury,19,Pink
228,Anatollo,McCart,19,Turquoise
229,Arin,Biaggioli,33,Aquamarine
230,Sheff,Bengall,43,Blue
231,Stirling,Maplethorp,7,Turquoise
232,Arlana,Hamon,12,Maroon
233,Sandy,Mingus,19,Teal
234,Bartram,Truwert,47,Mauv
235,Sylvester,Feuell,35,Goldenrod
236,Winny,Brader,25,Red
237,Audie,Madine,36,Maroon
238,Budd,Ainsley,21,Turquoise
239,Erin,Mereweather,21,Goldenrod
240,Timothea,Laborda,32,Purple
241,Hansiain,Elegood,38,Red
242,Cory,Cousen,22,Pink
243,Tuck,Caccavella,1,Maroon
244,Gabriel,Quickenden,43,Goldenrod
245,Deloria,Von Brook,27,Goldenrod
246,Nickie,Haddrell,40,Fuscia
247,Olenka,Swoffer,4,Violet
248,Edsel,Galley,15,Red
249,Alec,Showler,35,Aquamarine
250,Britteny,Peres,9,Turquoise
251,Arvie,Verma,29,Mauv
252,Jameson,Wyllt,33,Crimson
253,Adamo,Kinder,7,Purple
254,Craggy,Deathridge,15,Mauv
255,Mariejeanne,Tremontana,28,Turquoise
256,Fayina,Paladino,39,Yellow
257,Arline,Wyatt,11,Violet
258,Sibylla,Keune,8,Indigo
259,Terri-jo,Birds,4,Teal
260,Paddy,Vinecombe,32,Green
261,Artemus,McClintock,17,Turquoise
262,Marne,Stearndale,34,Mauv
263,Raymond,Shorten,12,Turquoise
264,Louella,Rewcastle,21,Turquoise
265,Emily,Gobert,24,Crimson
266,Jobyna,Tramel,46,Puce
267,Gustave,Royce,7,Orange
268,Merrilee,Bozworth,30,Crimson
269,Ashly,Leyman,10,Purple
270,Emile,Surby,39,Pink
271,Marcelle,Dauncey,7,Purple
272,Pat,Barneville,28,Red
273,Warden,Widmoor,48,Yellow
274,Cirillo,Alsobrook,25,Turquoise
275,Dita,Wightman,5,Indigo
276,Umeko,Murricanes,5,Teal
277,Harry,Maytum,37,Goldenrod
278,Mike,Seeks,46,Green
279,Salomi,Horburgh,18,Goldenrod
280,Welch,Tombs,10,Yellow
281,Zolly,Skace,29,Puce
282,Othilia,Robinet,36,Puce
283,Leonora,Gyppes,16,Turquoise
284,Gerda,Deeson,37,Indigo
285,Gilburt,Maudsley,31,Khaki
286,Melany,Herculson,13,Goldenrod
287,Siana,Sparham,7,Teal
288,Beatrix,Topp,5,Aquamarine
289,Kendal,Belhome,34,Teal
290,Ryun,Grisedale,47,Violet
291,Robby,Sturt,38,Turquoise
292,Sheff,Brettoner,50,Puce
293,Abagail,Pyer,18,Khaki
294,Franz,Linfoot,19,Red
295,Basile,Leaf,6,Khaki
296,Jewell,Worboys,18,Pink
297,Kacy,Osbidston,22,Indigo
298,Thorndike,Nobes,29,Khaki
299,Sander,Enefer,15,Violet
300,Emmery,Golledge,22,Maroon
301,Lotty,Baudins,46,Red
302,Fransisco,Bigglestone,45,Maroon
303,Leslie,Lawman,1,Red
304,Nesta,Petrelli,6,Aquamarine
305,Amalea,Maddicks,33,Maroon
306,Frankie,Vedeshkin,23,Yellow
307,Tabbitha,Yelyashev,21,Teal
308,Paxon,Smeath,34,Maroon
309,Kearney,Earry,6,Maroon
310,Bridgette,Pourvoieur,18,Fuscia
311,Marcelline,Robins,22,Pink
312,Hubey,Mazzia,15,Purple
313,Roshelle,Doiley,30,Crimson
314,Pascal,Tiddeman,42,Blue
315,Scarlet,Driussi,2,Teal
316,Lisle,Dumbrell,23,Green
317,Basile,Camilletti,31,Fuscia
318,Robers,Halm,19,Fuscia
319,Alic,Presslie,31,Fuscia
320,Fonz,Blodgetts,1,Puce
321,Rex,Wyllcock,4,Green
322,Ari,Barensen,19,Red
323,Dredi,Shoebridge,39,Indigo
324,Berenice,Warwicker,8,Orange
325,Ingeberg,Halksworth,7,Maroon
326,Hardy,Davidou,4,Goldenrod
327,Nelia,Label,27,Purple
328,Tobin,Thomke,29,Khaki
329,Alwyn,Zorzenoni,40,Purple
330,Jessey,Walpole,37,Orange
331,Jacquenetta,Hark,15,Crimson
332,Honor,Dales,32,Aquamarine
333,Marybeth,Gillibrand,4,Mauv
334,Garnet,Kincla,4,Mauv
335,Fidelio,Baldree,28,Turquoise
336,Christoper,Bullick,16,Khaki
337,Towny,Errett,33,Red
338,Nico,Cubin,32,Pink
339,Shaine,Cleever,5,Maroon
340,Allsun,Maxweell,9,Mauv
341,Aleen,Dies,31,Puce
342,Ripley,Phillcock,4,Maroon
343,Leanor,Kennedy,5,Red
344,Gwendolen,Amis,43,Blue
345,Anson,Cranmore,41,Green
346,Stafford,Faustin,41,Purple
347,Gabrielle,Buye,11,Purple
348,Welby,Bavridge,38,Maroon
349,Silvana,O'Luby,48,Pink
350,Licha,Wraighte,43,Aquamarine
351,Yoshi,de Najera,10,Fuscia
352,Phillipp,Rooze,20,Purple
353,Robenia,Dearman,7,Pink
354,Clarice,Gudahy,32,Aquamarine
355,Goldy,Donavan,35,Teal
356,Clement,Willows,22,Aquamarine
357,Allyn,Boig,9,Puce
358,Corbet,Mahoney,22,Mauv
359,Feliza,Norster,35,Goldenrod
360,Ikey,Mackinder,41,Purple
361,Kevin,Kordova,40,Teal
362,Vanya,Arthur,14,Violet
363,Davita,Youthed,46,Pink
364,Arron,Romer,31,Orange
365,Bennett,Hefford,28,Violet
366,Colline,Uttridge,25,Fuscia
367,Cele,Tancock,38,Fuscia
368,Joli,Vaadeland,34,Fuscia
369,Annabal,Allward,25,Yellow
370,Gertruda,Causnett,14,Blue
371,Kyrstin,Matzl,47,Mauv
372,Kaylee,Govinlock,32,Blue
373,Nickolaus,Cleeve,15,Mauv
374,Udell,Marginson,50,Blue
375,Constantine,Hardi,40,Blue
376,Diego,MacCallester,5,Orange
377,Odetta,Kembery,28,Fuscia
378,Anabella,Vasiliev,38,Khaki
379,Alix,Di Claudio,34,Red
380,Hatty,Croucher,34,Fuscia
381,Alvy,Gammidge,41,Maroon
382,Minnaminnie,Glanz,35,Goldenrod
383,Joell,Chestle,25,Pink
384,Gwyneth,Loynton,37,Indigo
385,Lyn,Coltart,1,Maroon
386,Archibald,Elloy,26,Fuscia
387,Margit,Waycot,4,Maroon
388,Benedetta,Goning,14,Pink
389,Dionisio,Barhem,44,Crimson
390,Fredrika,Tarren,25,Teal
391,Gherardo,Twinbourne,40,Mauv
392,Boothe,Comar,18,Orange
393,Cointon,Hitchens,34,Blue
394,Blanche,Coggings,34,Turquoise
395,Dag,Spinola,20,Green
396,Grissel,Bierling,44,Yellow
397,Briana,Glowacha,37,Teal
398,Brewster,Assiter,20,Purple
399,Dwight,Hele,11,Maroon
400,Vernor,Raiment,5,Goldenrod
401,Kahlil,Pulman,48,Teal
402,Fredric,Gabey,14,Indigo
403,Robenia,Appleyard,38,Green
404,Trixy,Fayre,33,Green
405,Maudie,Danilovich,7,Mauv
406,Lea,Kench,8,Orange
407,Bale,Franzettoini,29,Maroon
408,Florinda,Hayman,22,Aquamarine
409,Idelle,Goley,5,Mauv
410,Alisun,Van Der Vlies,32,Khaki
411,Sissie,Yurlov,17,Aquamarine
412,Wynn,Fishlee,30,Indigo
413,Shoshana,Rankmore,26,Purple
414,Jarid,Luigi,1,Maroon
415,Dorthy,Loveman,16,Fuscia
416,Constantia,Howie,40,Pink
417,Bee,Haglington,19,Turquoise
418,Anne-corinne,Shaw,2,Puce
419,Rouvin,Pinwell,30,Purple
420,Aviva,Gay,47,Puce
421,Jerry,Gasker,13,Violet
422,Llewellyn,Rollo,28,Teal
423,Maurise,Whitcher,30,Green
424,Craggy,Marrow,38,Indigo
425,Adela,McSharry,27,Purple
426,Brockie,Goldes,9,Maroon
427,Cristen,Tidder,14,Mauv
428,Linda,Jaquet,29,Violet
429,Yorgos,Terris,35,Orange
430,Andriette,Cokayne,11,Green
431,Quentin,Baukham,41,Red
432,Umberto,Nevitt,29,Indigo
433,Elga,Warratt,28,Crimson
434,Kath,Stollenbecker,46,Fuscia
435,Viviyan,Rajchert,24,Teal
436,Rolando,Witcher,23,Aquamarine
437,Hildagard,Llewellyn,43,Crimson
438,Fallon,Goulstone,32,Mauv
439,Jemmie,Esland,25,Puce
440,Candide,Estabrook,42,Red
441,Bili,Cesconi,45,Orange
442,Pammie,Steeden,21,Teal
443,Lucia,Alcalde,18,Purple
444,Bryanty,MacEveley,43,Yellow
445,Josy,McLewd,45,Pink
446,Freedman,Bantham,40,Green
447,Darleen,Scocroft,3,Teal
448,Jules,Sayse,46,Red
449,Elset,Lyst,30,Purple
450,Rozelle,Goeff,6,Fuscia
451,Cosetta,Weare,18,Orange
452,Burr,Maty,49,Indigo
453,Babette,Kahen,20,Violet
454,Junette,Bartaletti,24,Turquoise
455,Renaud,Pfaffel,4,Red
456,Udall,Hamber,42,Fuscia
457,Dorothea,Cattermull,50,Crimson
458,Liva,Feckey,28,Mauv
459,Joye,Oki,38,Mauv
460,Parry,Waterhous,18,Puce
461,Clara,Plews,21,Blue
462,Claybourne,McClean,7,Khaki
463,Alexine,Donaho,33,Mauv
464,Appolonia,Cauderlie,33,Purple
465,Jorge,Rosentholer,11,Aquamarine
466,Charil,Bondley,33,Purple
467,Pietra,Bannell,47,Green
468,Shirl,Bredes,10,Pink
469,Gleda,Dorgon,33,Khaki
470,Shandra,Gwynne,17,Blue
471,Lee,Dorricott,4,Turquoise
472,Raphael,Greenleaf,49,Fuscia
473,Melba,Brombell,30,Puce
474,Adena,Gotling,24,Mauv
475,Joice,Ferriere,23,Yellow
476,Ray,Bravington,48,Turquoise
477,Sansone,Mutter,32,Indigo
478,Clementius,Howlin,50,Crimson
479,Patrizius,Veasey,5,Khaki
480,Anastasia,Sywell,7,Goldenrod
481,Gracia,Hourstan,47,Purple
482,Fidole,Flecknell,5,Fuscia
483,Hartley,Yanin,11,Indigo
484,Ulrich,Scammell,42,Green
485,Timofei,Coldham,35,Green
486,Deeanne,Timpany,37,Maroon
487,Creigh,Giacubbo,16,Red
488,Nadeen,Spaight,37,Violet
489,Gabbie,Beadle,41,Pink
490,Rosamond,Boddington,14,Yellow
491,Yettie,Easdon,49,Orange
492,Ellette,Grinin,50,Aquamarine
493,Cheryl,Gibling,46,Blue
494,Brena,Carillo,18,Fuscia
495,Jocelyn,Hall-Gough,7,Teal
496,Dominik,Storrs,27,Orange
497,Damaris,Bealing,6,Goldenrod
498,Carolyne,Fenelow,41,Yellow
499,Odette,Orris,36,Red
500,Hersch,Gutridge,39,Purple
501,Alma,Wolverson,31,Aquamarine
502,Viviyan,Delgadillo,29,Pink
503,Candida,Clampett,35,Goldenrod
504,Arther,Bresson,33,Green
505,Leonelle,Herkess,20,Aquamarine
506,Flem,Barthelmes,21,Teal
507,Menard,Pablos,7,Green
508,Agatha,Clipsham,25,Puce
509,Arlan,Buy,42,Maroon
510,Verge,Babon,1,Turquoise
511,Jackson,Ranscome,16,Maroon
512,Chantalle,McRobb,22,Aquamarine
513,Walton,MacCard,36,Khaki
514,Andras,Rableau,24,Indigo
515,Cherri,Stert,9,Yellow
516,Cazzie,Tristram,9,Yellow
517,Katharina,McCurlye,25,Pink
518,Rog,Bielfelt,12,Orange
519,Katee,Featonby,47,Indigo
520,Leia,Neward,22,Purple
521,Miner,Martignon,23,Purple
522,Paddy,Culross,16,Teal
523,Chickie,Pauling,26,Goldenrod
524,June,Caves,39,Teal
525,Sheilah,Ellcome,12,Teal
526,Theadora,Renny,44,Crimson
527,Mariel,Peterffy,4,Puce
528,Juditha,Pendrill,44,Red
529,Che,Griswood,20,Pink
530,Sullivan,Monsey,6,Khaki
531,Ninetta,Betjeman,9,Violet
532,Hyacinthie,Forkan,13,Orange
533,Reinaldo,Cumbers,34,Maroon
534,Bertine,Pleuman,20,Purple
535,Idelle,Shearston,45,Blue
536,Bernadette,Marrill,34,Red
537,Pierson,Alexander,1,Crimson
538,Cherise,Lethardy,24,Purple
539,Denver,Corr,27,Purple
540,Vanni,Renshaw,29,Pink
541,Kristofer,Doghartie,31,Turquoise
542,Kerk,Beckhurst,39,Fuscia
543,Mohandis,Ormston,12,Aquamarine
544,Vanni,Wanjek,22,Goldenrod
545,Logan,Rosenwald,50,Blue
546,Aggy,McCague,40,Turquoise
547,Godfrey,Cockhill,7,Turquoise
548,Darnall,Cowan,19,Pink
549,Garrot,Brandes,45,Yellow
550,Moss,Hrishanok,16,Aquamarine
551,Alexa,Hedworth,11,Goldenrod
552,Markos,Cornforth,3,Fuscia
553,Caren,Melrose,5,Turquoise
554,Ramon,Blinckhorne,25,Mauv
555,Jaimie,Haggus,31,Yellow
556,Beret,Warnock,48,Mauv
557,Kirsten,Furze,38,Pink
558,Ivan,Boyd,30,Mauv
559,Milka,Gladman,49,Maroon
560,Fredelia,Lettington,29,Maroon
561,Ephrayim,Duncanson,25,Goldenrod
562,Orella,Kleinschmidt,47,Red
563,Merwyn,Acosta,44,Pink
564,Anselma,Quirke,3,Teal
565,Codi,Miell,7,Mauv
566,Alisun,Le Blond,39,Orange
567,Archy,Eady,1,Crimson
568,Brinna,Lewcock,45,Teal
569,Lorena,Broomhall,43,Khaki
570,Ainslee,Demelt,45,Red
571,Jena,Gard,23,Blue
572,Erena,Bonnick,33,Mauv
573,Colas,Dilley,14,Aquamarine
574,Steffi,Hess,38,Green
575,Leonardo,Whitmarsh,31,Crimson
576,Everett,Aikin,36,Indigo
577,Zoe,Beckers,22,Aquamarine
578,Jennilee,Deporte,12,Red
579,Coreen,Kliner,24,Red
580,Danna,Formoy,42,Turquoise
581,Nolana,Gocke,7,Puce
582,Miranda,Kippie,6,Purple
583,Miquela,Cato,15,Fuscia
584,Nels,Roj,3,Green
585,Ewell,Heald,23,Crimson
586,Vikki,Gerckens,16,Pink
587,Padriac,Cloney,31,Pink
588,Denys,Menlow,23,Puce
589,Katya,Moughtin,25,Yellow
590,Cristian,Mashal,2,Green
591,Garrek,Corkish,26,Green
592,Jacquenetta,Halden,40,Khaki
593,Carter,Necrews,32,Orange
594,Donna,Scarasbrick,39,Indigo
595,Adina,Yackiminie,9,Khaki
596,Madelene,Klewi,10,Purple
597,Bar,Mandeville,19,Khaki
598,Bradney,Lagadu,19,Fuscia
599,Ronda,Durand,18,Orange
600,Sawyere,Thurby,40,Blue
601,Vevay,Tatters,49,Mauv
602,Elsa,Gronowe,32,Aquamarine
603,Georgia,Paiton,10,Crimson
604,Rowen,Jeske,24,Crimson
605,Gar,Garrard,1,Purple
606,Kalindi,Tonks,17,Indigo
607,Terrel,Scaysbrook,47,Orange
608,Jacquetta,Lyttle,46,Khaki
609,Franny,Wreath,32,Red
610,Malorie,McClenaghan,25,Pink
611,Kennett,Stoddard,5,Crimson
612,Ludovika,Zanitti,39,Turquoise
613,Engracia,Le Marchand,35,Pink
614,Dosi,Brackenridge,24,Mauv
615,Georgia,Ruggen,43,Green
616,Annecorinne,Brannon,23,Purple
617,Gusta,MacDermand,28,Khaki
618,Glynis,Ales0,10,Khaki
619,Boone,Fabb,24,Blue
620,Faunie,Christal,1,Yellow
621,Vittoria,Darbyshire,32,Khaki
622,Crichton,Brookes,4,Teal
623,Ruthe,Giovannilli,10,Orange
624,Noelle,Dumbellow,1,Turquoise
625,Woodman,Waterhouse,21,Teal
626,Nolan,Fishpoole,18,Indigo
627,Elsbeth,Batalle,28,Fuscia
628,Bernard,Hadcroft,16,Turquoise
629,Enos,Benzie,48,Green
630,Aeriell,Murrells,26,Teal
631,Giffard,Houseley,20,Violet
632,Byram,Stubs,35,Aquamarine
633,Gordon,Willows,20,Aquamarine
634,Edmund,Roydon,23,Maroon
635,Margo,Larway,30,Puce
636,Jon,Crathorne,29,Maroon
637,Alexandre,Glas,9,Pink
638,Edouard,Mannin,46,Maroon
639,Bettina,Sellick,17,Turquoise
640,Annemarie,Stear,16,Indigo
641,Doloritas,Stuchbery,2,Orange
642,Jacquelyn,Boath,32,Pink
643,Lyndsie,Outridge,18,Mauv
644,Margeaux,Hoonahan,26,Orange
645,Gail,Lupton,13,Goldenrod
646,Doria,Dohmer,21,Red
647,Osmond,Sellack,37,Blue
648,Duncan,Corrin,32,Maroon
649,Feliza,Antrack,21,Pink
650,Josselyn,Vause,16,Red
651,Lynn,MacAscaidh,25,Blue
652,Shelby,Potapczuk,44,Yellow
653,Munmro,Sharram,47,Yellow
654,Maje,Ward,36,Blue
655,Clementine,McCann,15,Red
656,Jennifer,Bedrosian,37,Puce
657,Kipp,Jeannot,1,Aquamarine
658,Krystyna,Bennet,21,Red
659,Annabella,Hoys,50,Indigo
660,Valeria,Bessent,35,Pink
661,Celeste,Oade,22,Violet
662,Danell,Collumbine,6,Crimson
663,Killian,Liverseege,39,Yellow
664,Philippa,Witch,12,Khaki
665,Maighdiln,Heathcott,41,Fuscia
666,Bunny,Bremen,5,Khaki
667,Cyndy,Bullough,39,Maroon
668,Samantha,Courtney,7,Red
669,Timmy,Golds,32,Maroon
670,Derward,Althrop,8,Fuscia
671,Langsdon,Jaggard,38,Blue
672,Charita,Chatterton,34,Maroon
673,Juliet,Dyshart,17,Fuscia
674,Amara,Bortoletti,3,Purple
675,Nicki,Waadenburg,2,Orange
676,Winnah,Neicho,42,Indigo
677,Sherlocke,Twaite,48,Khaki
678,Valentina,Harring,21,Blue
679,Bearnard,Humpherson,13,Red
680,Inigo,Hinrich,14,Maroon
681,Aubrey,Bool,39,Violet
682,Clea,Coucha,40,Turquoise
683,Ninetta,Shepheard,37,Yellow
684,Kirbie,Over,34,Violet
685,Lucas,Jerratsch,6,Teal
686,Nathan,Benito,48,Maroon
687,Alwyn,Ubsdall,20,Maroon
688,Hilarius,Reardon,16,Indigo
689,Julia,Hassent,18,Red
690,Peyton,Sirett,39,Aquamarine
691,Darrell,Gremane,38,Fuscia
692,Packston,Donnison,27,Mauv
693,Carmelia,Donnan,4,Purple
694,Joshia,Karpe,24,Crimson
695,Gilligan,Parysiak,47,Teal
696,Elisa,Bohje,46,Aquamarine
697,Emmerich,Padmore,48,Indigo
698,Elsi,Anten,42,Teal
699,Leontyne,Dullard,16,Yellow
700,Lorraine,Boniface,33,Indigo
701,Colene,Halwill,45,Red
702,Cordelia,Rosindill,46,Red
703,Kerk,Davydoch,22,Orange
704,Levey,Stitt,26,Blue
705,Frankie,Hellwig,34,Turquoise
706,Lucas,Dofty,5,Puce
707,Jimmy,Shmyr,21,Fuscia
708,Florencia,Milbourn,31,Orange
709,Gearalt,Uwins,37,Purple
710,Jillane,Lomath,28,Teal
711,Lovell,Hacking,33,Fuscia
712,Cosmo,Staining,42,Goldenrod
713,Tanny,Whibley,41,Indigo
714,Michel,Lancaster,26,Fuscia
715,Kelsy,Guittet,17,Purple
716,Gaspard,Sivier,47,Teal
717,Phillida,Blamey,12,Maroon
718,Clo,Laundon,36,Indigo
719,Brina,Loweth,32,Turquoise
720,Cicely,Kirimaa,1,Orange
721,Sibyl,Bertram,48,Crimson
722,Emlen,Rose,8,Goldenrod
723,Wanids,Tibols,37,Indigo
724,Lilah,Sindall,28,Goldenrod
725,Em,Crielly,18,Puce
726,Leah,Stewart,21,Teal
727,Kaitlynn,Howes,43,Yellow
728,Page,Dawtry,12,Maroon
729,Ermanno,Widdecombe,41,Aquamarine
730,Maxie,McElrath,41,Fuscia
731,Anestassia,Bakhrushin,9,Blue
732,Ceciley,Stones,46,Mauv
733,Viole,Wile,11,Aquamarine
734,Cherice,Vanyashkin,45,Goldenrod
735,Albertine,Vankeev,45,Aquamarine
736,Emery,Munford,38,Goldenrod
737,Jo-anne,Rawlings,28,Indigo
738,Lucien,Henrych,16,Puce
739,Chris,Tew,22,Yellow
740,Murry,Scollard,12,Turquoise
741,Benedetta,Mc Meekan,21,Khaki
742,Vanya,Pinson,12,Aquamarine
743,Mead,Eldered,4,Indigo
744,Land,Lovick,44,Maroon
745,Kathi,Godney,3,Green
746,Kristos,Todman,49,Maroon
747,Otto,Chilcotte,1,Teal
748,Drugi,Ekell,5,Yellow
749,Leona,Casseldine,19,Mauv
750,Dasya,Tolchard,36,Violet
751,Robinet,Arnke,2,Orange
752,Devin,Leger,49,Indigo
753,Gabi,Craker,32,Fuscia
754,Ellwood,Craigg,4,Green
755,Ariadne,Bilfoot,2,Crimson
756,Inger,Martell,41,Crimson
757,Teddy,Garwood,23,Turquoise
758,Dacia,Lound,39,Maroon
759,Daron,Mutlow,48,Red
760,Dorine,Formby,30,Maroon
761,Latisha,Kurth,9,Puce
762,Opaline,Epsley,26,Violet
763,Renell,Dabell,24,Maroon
764,Inez,Tupman,12,Red
765,Cathyleen,Schulz,39,Red
766,Manya,Coen,12,Blue
767,Stacy,Congreave,27,Indigo
768,Daisey,Teaser,48,Maroon
769,Coreen,Padson,41,Maroon
770,Doralin,Dikles,22,Maroon
771,Laughton,Pennycuick,12,Violet
772,Worth,Larmouth,21,Blue
773,Kandy,Raund,29,Violet
774,Mort,Bendix,25,Green
775,Anastasie,Pappi,23,Maroon
776,Shaine,MacKeogh,6,Puce
777,Helga,Roma,32,Pink
778,Clyve,Mathiassen,36,Mauv
779,Fiona,Elion,39,Blue
780,Marlo,Corrington,46,Violet
781,Bobby,Quennell,3,Violet
782,Kelcie,Boas,38,Orange
783,Evelina,Sheards,38,Orange
784,Britni,Delgardo,8,Yellow
785,Aube,Wisson,43,Violet
786,Susie,Whisson,13,Fuscia
787,Wilmette,Armand,29,Blue
788,Michaela,Wiltshear,22,Maroon
789,Ellary,Rochester,23,Puce
790,Karna,Yeats,37,Blue
791,Erl,Fargie,16,Purple
792,Janka,Jan,29,Red
793,Brock,Exall,31,Goldenrod
794,Shermy,Iddon,1,Fuscia
795,Linoel,Ledeker,31,Orange
796,Eldridge,Early,14,Mauv
797,Ross,Axcel,38,Blue
798,Perri,Demangel,39,Maroon
799,Anet,Trodden,42,Purple
800,Malchy,Pimley,7,Green
801,Cherida,Denisyev,28,Green
802,Kiele,Dakhov,40,Yellow
803,Jemimah,Reburn,18,Khaki
804,Millie,Eldrid,43,Violet
805,Betti,Pitney,30,Khaki
806,Shaw,Bonder,21,Teal
807,Aimil,Gilgryst,34,Crimson
808,Davy,Haggith,15,Pink
809,Shepard,Bison,46,Red
810,Agneta,Renbold,34,Red
811,Jenny,Avrahamian,9,Mauv
812,Rosalinda,Brackenbury,8,Fuscia
813,Doyle,Trowell,8,Blue
814,Jase,Peak,29,Red
815,Fonsie,Ivanenko,7,Teal
816,Margalit,Hauxwell,24,Aquamarine
817,Geoffry,Ridout,48,Orange
818,Lester,Amberg,29,Purple
819,Maurice,Franscioni,32,Violet
820,Tanner,Gelardi,5,Orange
821,Astrix,Iacomo,49,Puce
822,Rolph,Atmore,28,Khaki
823,Elane,Matteoli,47,Fuscia
824,Corenda,Khan,2,Indigo
825,Mikol,Woodrough,50,Turquoise
826,Roseann,Stiggles,7,Teal
827,Val,Kinney,34,Crimson
828,Clemmie,Niven,33,Puce
829,Ignazio,Stiggers,16,Pink
830,Cristabel,Royans,38,Yellow
831,Olva,Aslet,6,Yellow
832,Arny,Coogan,37,Yellow
833,Carolynn,Frontczak,22,Puce
834,Christoffer,Mc Coughan,44,Orange
835,Kile,Fennell,30,Mauv
836,Holly,Cantle,38,Orange
837,Dru,MacBarron,41,Fuscia
838,Elsie,Ferrao,18,Goldenrod
839,Petunia,Pardie,22,Violet
840,Tracy,McAughtrie,48,Orange
841,Davidson,Asche,23,Violet
842,Moyra,Puttick,5,Goldenrod
843,Forrester,Thomazet,40,Pink
844,Deeann,MacChaell,5,Aquamarine
845,Una,Fullard,13,Fuscia
846,Kenny,Proudman,34,Violet
847,Cora,Kidds,47,Puce
848,Vida,Carletti,28,Green
849,Mabelle,Klosser,26,Maroon
850,Jerrie,Didball,15,Purple
851,Rubin,Longmate,22,Green
852,Ashlie,Bondesen,3,Orange
853,Kirsten,Dalziell,49,Maroon
854,Darius,Dorn,47,Aquamarine
855,Priscella,Fulger,39,Green
856,Lionello,Illingworth,35,Goldenrod
857,Sherlock,Belfit,1,Violet
858,Nissa,Leamy,37,Violet
859,Chaunce,Mathewes,25,Crimson
860,Hank,Lambol,14,Orange
861,Randy,Hemeret,11,Green
862,Chaim,Berks,8,Green
863,Perri,Barenskie,1,Green
864,Krista,Bolland,44,Goldenrod
865,Reynard,Normand,12,Maroon
866,Chrisy,Job,18,Puce
867,Walt,Winnister,38,Goldenrod
868,Kay,Kirsch,48,Green
869,Armando,Brookbank,18,Violet
870,Yard,Cunnane,3,Fuscia
871,Guntar,Possek,33,Red
872,Will,Musicka,15,Maroon
873,Aileen,Dincey,49,Indigo
874,Bondon,Sheehy,47,Khaki
875,Lindy,Demko,40,Maroon
876,Theda,Camlin,3,Purple
877,Vyky,Hurdiss,48,Indigo
878,Alla,Ruppert,2,Khaki
879,Livy,Yewdell,50,Violet
880,Virgina,Mustoe,40,Aquamarine
881,Dov,Terry,13,Blue
882,Farica,Manifold,6,Purple
883,Raynard,Wollaston,42,Mauv
884,Louisette,Drane,1,Turquoise
885,Jarret,Setter,42,Turquoise
886,Robyn,Orrock,14,Goldenrod
887,Giffie,Worlidge,45,Maroon
888,Lemar,Greenaway,47,Khaki
889,Garrick,Hothersall,5,Indigo
890,Laural,Witty,29,Blue
891,Bradley,Andrick,33,Turquoise
892,Bibbie,Glancy,27,Mauv
893,Morly,Bewley,24,Puce
894,Morry,Maliffe,2,Khaki
895,Aurie,Fowley,32,Orange
896,Mufi,Grahl,11,Maroon
897,Christel,Gebhardt,46,Maroon
898,Rogerio,Lathe,10,Teal
899,Danni,Easdon,44,Mauv
900,Maddie,Kowalski,10,Yellow
901,Alonzo,Wilshin,2,Orange
902,Martino,Cass,49,Yellow
903,Maximo,Brindle,11,Puce
904,Zelma,Melmeth,7,Pink
905,Addy,Lightfoot,39,Teal
906,Silvain,Goldstein,50,Goldenrod
907,Hertha,MacConnechie,10,Yellow
908,Siobhan,Kopps,7,Aquamarine
909,Stanford,Colloff,1,Maroon
910,Janeva,Hobble,6,Red
911,Bryan,Hutton,27,Purple
912,Gaelan,Mesias,47,Blue
913,Aluino,Cheevers,18,Khaki
914,Fields,Paling,3,Turquoise
915,Mimi,Redihalgh,24,Violet
916,Loralee,Malacrida,5,Violet
917,Lisetta,Assiratti,8,Indigo
918,Clare,Keble,10,Mauv
919,Rickey,Donne,28,Teal
920,Bernete,Tilbrook,21,Yellow
921,Arlina,Deeney,14,Teal
922,Myrna,Kell,27,Maroon
923,Ernesto,Baudone,11,Khaki
924,Trescha,Relph,10,Maroon
925,Darrelle,Nobes,28,Fuscia
926,Emma,Behrend,46,Goldenrod
927,Margeaux,Teodoro,8,Aquamarine
928,Tommie,Pedreschi,13,Mauv
929,George,Rene,49,Green
930,Jeffrey,Gabbott,2,Aquamarine
931,Dillon,Spivie,34,Teal
932,Genevieve,Matthensen,10,Indigo
933,Mylo,Dyos,42,Pink
934,Kennie,Dyte,39,Turquoise
935,Eleanore,Prazer,5,Aquamarine
936,Sari,Gianettini,20,Puce
937,Julissa,Da Costa,4,Mauv
938,Ward,Sleigh,8,Red
939,Daven,Cullinane,10,Blue
940,Pearl,Berney,13,Aquamarine
941,Laure,Rame,17,Crimson
942,Cyrus,Daton,37,Mauv
943,Nickolas,Campion,25,Maroon
944,Pollyanna,McMeeking,8,Orange
945,Shannen,Smallcombe,33,Puce
946,Gratiana,Steptoe,7,Pink
947,Marlon,Corrett,16,Blue
948,Gayel,Womersley,21,Orange
949,Arvy,Vanderplas,47,Mauv
950,Zabrina,Grice,25,Turquoise
951,Claudelle,Krahl,23,Fuscia
952,Niki,Shawel,25,Crimson
953,Rockwell,Vondrys,9,Red
954,Rosamond,Turfes,7,Orange
955,Norrie,Voak,28,Violet
956,Leigh,Spilsbury,25,Violet
957,Davine,Cleghorn,20,Puce
958,Queenie,Hasselby,38,Mauv
959,Donal,Brownhall,33,Goldenrod
960,Denis,Wetherill,5,Maroon
961,Roby,Berrigan,48,Blue
962,Coriss,Rasch,34,Turquoise
963,Andria,Missenden,33,Crimson
964,Allegra,Lovelace,30,Pink
965,Bartel,Rosenberger,18,Red
966,Bear,Mitro,2,Purple
967,Rubia,Achurch,45,Yellow
968,Bud,Attarge,43,Yellow
969,Hetty,Sailor,18,Goldenrod
970,Nicola,Atto,15,Khaki
971,Poul,Headings,42,Pink
972,Jule,St. Paul,40,Turquoise
973,Massimo,Lalonde,9,Teal
974,Benoit,Heaton,6,Crimson
975,Hillery,Ceccoli,30,Indigo
976,Olympe,Einchcombe,29,Violet
977,Nancey,Pinkett,9,Green
978,Cornelius,Norcock,2,Violet
979,Ripley,Cucinotta,40,Pink
980,Dorris,Chewter,21,Red
981,Emiline,Marten,49,Crimson
982,Konstantin,Caras,13,Blue
983,Ianthe,Rodda,17,Turquoise
984,Brandice,Himsworth,46,Green
985,Gunar,Beasant,50,Aquamarine
986,Cary,Capozzi,4,Mauv
987,Sharity,Canape,23,Violet
988,Antonina,Brandino,9,Blue
989,Jackie,Zorn,47,Turquoise
990,Charin,Matijasevic,10,Indigo
991,Ula,Rraundl,11,Fuscia
992,Cassondra,Trazzi,36,Khaki
993,Ainsley,Drews,13,Turquoise
994,Amil,Theobald,29,Teal
995,Val,Dennington,33,Purple
996,Corliss,Schachter,18,Indigo
997,Kirbee,Poundsford,46,Indigo
998,Hogan,Von Welldun,2,Turquoise
999,Yuri,Jacob,31,Yellow
1000,Shela,Stook,30,Puce
